file,pearson_corr,pearson_p_value,spearman_corr,spearman_p_value,kendall_corr,kendall_p_value,mcc,error_count
gpt4_0shot,0.17120565590906522,1.2706151431137172e-14,0.17120565590906517,1.2706151431136085e-14,0.17120565590906517,1.938615860448205e-14,0.17120565590906517,0
chatgpt_2shot,-0.17858279642088554,8.538027329936915e-16,-0.1785827964208854,8.53802732993789e-16,-0.1785827964208854,1.4112895971802133e-15,-0.1785827964208854,0
gpt4_2shot,0.15027938631067567,1.4294301764521295e-11,0.15027938631067575,1.429430176452035e-11,0.1502793863106757,1.8295320608152144e-11,0.15027938631067572,0
chatgpt_0shot,-0.19000000000000006,1.0355386598778506e-17,-0.19,1.0355386598778493e-17,-0.19,1.980457863714678e-17,-0.19,0
