file,pearson_corr,pearson_p_value,spearman_corr,spearman_p_value,kendall_corr,kendall_p_value,mcc,error_count
wo_wrong_feedback_train,0.08547008547008542,0.006843385609500345,0.08547008547008546,0.006843385609500308,0.08547008547008547,0.0069037926243908,0.08547008547008547,0
scott_eval,0.148870760863662,2.265307122747734e-06,0.14887076086366197,2.2653071227477356e-06,0.14887076086366197,2.5342784086899135e-06,0.14887076086366197,0
deepseek_instruct,0.07692307692307687,0.014970800645441866,0.07692307692307691,0.014970800645441781,0.07692307692307691,0.015044556103596878,0.07692307692307693,0
gpt3turbo_neweval,0.10069969551599464,0.0014299858774329125,0.1006996955159947,0.0014299858774328442,0.10069969551599471,0.001458525970674649,0.1006996955159947,0
gpt4turbo_main_assess,0.012013847933829322,0.7043539049481722,0.012013847933829369,0.7043539049481728,0.012013847933829369,0.7041523620568457,0.012013847933829369,0
